ID,Tes Kompetensi,Tes Keprbadian,Keputusan,Nilai Fuzzy
P21,61.5,52.5,Tidak,34.27227495908347
P22,66.5,58.3,Tidak,34.203478260869566
P23,71,45.8,Tidak,34.203478260869566
P24,64.5,55,Tidak,34.203478260869566
P25,57.5,79.2,Ya,81.36801765184067
P26,80,45.8,Tidak,34.203478260869566
P27,81.5,53.3,Tidak,34.496744186046506
P28,61,64.2,Ya,82.95221476510068
P29,46,65.8,Ya,81.25991575758381
P30,78,49.2,Tidak,34.203478260869566
